username;password;role
Bondowoso;cintaroro;bandung_bondowoso
Roro;gasukabondo;roro_jonggrang
jin1;momen;jin_pembangun
jin2;momen;jin_pembangun
jin3;momen;jin_pembangun
jin4;momen;jin_pembangun
jin5;momen;jin_pembangun
jin6;momen;jin_pembangun
jin7;momen;jin_pembangun
jin8;momen;jin_pembangun
jin9;momen;jin_pembangun
jin10;momen;jin_pembangun
jin11;momen;jin_pembangun
jin12;momen;jin_pembangun
jin13;momen;jin_pembangun
jin14;momen;jin_pembangun
jin15;momen;jin_pembangun
jin16;momen;jin_pembangun
jin17;momen;jin_pembangun
jin18;momen;jin_pembangun
jin19;momen;jin_pembangun
jin20;momen;jin_pembangun
jin21;momen;jin_pembangun
jin22;momen;jin_pembangun
jin23;momen;jin_pembangun
jin24;momen;jin_pembangun
jin25;momen;jin_pembangun
jin26;momen;jin_pembangun
jin27;momen;jin_pembangun
jin28;momen;jin_pembangun
jin29;momen;jin_pembangun
jin30;momen;jin_pembangun
jin31;momen;jin_pembangun
jin32;momen;jin_pembangun
jin33;momen;jin_pembangun
jin34;momen;jin_pembangun
jin35;momen;jin_pembangun
jin36;momen;jin_pembangun
jin37;momen;jin_pembangun
jin38;momen;jin_pembangun
jin39;momen;jin_pembangun
jin40;momen;jin_pembangun
jin41;momen;jin_pembangun
jin42;momen;jin_pembangun
jin43;momen;jin_pembangun
jin44;momen;jin_pembangun
jin45;momen;jin_pembangun
jin46;momen;jin_pembangun
jin47;momen;jin_pembangun
jin48;momen;jin_pembangun
jin49;momen;jin_pembangun
jin50;momen;jin_pembangun
jin51;momen;jin_pengumpul
jin52;momen;jin_pengumpul
jin53;momen;jin_pengumpul
jin54;momen;jin_pengumpul
jin55;momen;jin_pengumpul
jin56;momen;jin_pengumpul
jin57;momen;jin_pengumpul
jin58;momen;jin_pengumpul
jin59;momen;jin_pengumpul
jin60;momen;jin_pengumpul
jin61;momen;jin_pengumpul
jin62;momen;jin_pengumpul
jin63;momen;jin_pengumpul
jin64;momen;jin_pengumpul
jin65;momen;jin_pengumpul
jin66;momen;jin_pengumpul
jin67;momen;jin_pengumpul
jin68;momen;jin_pengumpul
jin69;momen;jin_pengumpul
jin70;momen;jin_pengumpul
jin71;momen;jin_pengumpul
jin72;momen;jin_pengumpul
jin73;momen;jin_pengumpul
jin74;momen;jin_pengumpul
jin75;momen;jin_pengumpul
jin76;momen;jin_pengumpul
jin77;momen;jin_pengumpul
jin78;momen;jin_pengumpul
jin79;momen;jin_pengumpul
jin80;momen;jin_pengumpul
jin81;momen;jin_pengumpul
jin82;momen;jin_pengumpul
jin83;momen;jin_pengumpul
jin84;momen;jin_pengumpul
jin85;momen;jin_pengumpul
jin86;momen;jin_pengumpul
jin87;momen;jin_pengumpul
jin88;momen;jin_pengumpul
jin89;momen;jin_pengumpul
jin90;momen;jin_pengumpul
jin91;momen;jin_pengumpul
jin92;momen;jin_pengumpul
jin93;momen;jin_pengumpul
jin94;momen;jin_pengumpul
jin95;momen;jin_pengumpul
jin96;momen;jin_pengumpul
jin97;momen;jin_pengumpul
jin98;momen;jin_pengumpul
jin99;momen;jin_pengumpul
jin100;momen;jin_pengumpul
